objectid,ID,ST_NAME,SPAN_OPS,HRS_BEGIN,HRS_END,REDLANE,TAXI,HOURS,STATUS,DAYTYPE_WD,DAYTYPE_WE,CREATED_USER,CREATED_DATE,LAST_EDITED_USER,LAST_EDITED_DATE,FROM_ST,TO_ST,CORRIDOR,DIRECTION,LAYOUT,DAY_TYPE,IMPLEMENT,MUNI_ROUTE,BUSORTRAIN,MTAB_DATE,MTAB_MOTION,shape,data_as_of,data_loaded_at,analysis_neighborhood,supervisor_district
961,,TETL,,,,,,,Future TETL corridor,,,AZHANG,2020-06-15T17:34:23.000000000-07:00,EKNOPF,2021-03-25T11:48:51.000000000-07:00,,,TETL,,,,,,,,,"LINESTRING (-122.447314725 37.782396637, -122.447618 37.781513, -122.447531194 37.781074506, -122.446484041 37.775806585, -122.4453582 37.770215169)",03/25/2021 11:48:51 AM,01/18/2024 03:36:28 PM,"Golden Gate Park, Haight Ashbury, Lone Mountain/USF","1, 2, 5"
1289,,TETL,,,,,,,Implemented TETL Corridor,,,EKNOPF,2021-03-25T13:22:10.000000000-07:00,EKNOPF,2021-03-25T13:24:27.000000000-07:00,,,TETL,,,,,,,,,"LINESTRING (-122.493365 37.779824, -122.492245506 37.779751942, -122.484745478 37.780097575, -122.483679558 37.780145914)",03/25/2021 01:24:27 PM,01/18/2024 03:36:28 PM,Outer Richmond,1
735,,TETL,,,,,,,Future TETL corridor,,,AZHANG,2020-06-15T17:34:23.000000000-07:00,EKNOPF,2021-03-25T11:48:51.000000000-07:00,,,TETL,,,,,,,,,"LINESTRING (-122.45919198 37.785686686, -122.446805 37.787266, -122.435498775 37.788701936, -122.435686489 37.789634253, -122.396577273 37.794607376, -122.396784779 37.795471115, -122.397987956 37.795317941)",03/25/2021 11:48:51 AM,01/18/2024 03:36:28 PM,"Chinatown, Financial District/South Beach, Inner Richmond, Nob Hill, Pacific Heights, Presidio Heights","1, 2, 3"
977,,TETL,,,,,,,Future TETL corridor,,,AZHANG,2020-06-15T17:34:23.000000000-07:00,EKNOPF,2021-03-25T11:48:51.000000000-07:00,,,TETL,,,,,,,,,"LINESTRING (-122.474612 37.806274, -122.472652 37.804427, -122.471523 37.803731, -122.470091277 37.803145285, -122.468366 37.802645, -122.467101 37.802388, -122.464829 37.801927, -122.462834 37.801549, -122.462108 37.801484, -122.461429 37.801471, -122.460777 37.801538, -122.460233 37.801674, -122.459367 37.801934, -122.458874 37.802165, -122.457683 37.802898, -122.457179 37.80313, -122.456651 37.803293, -122.455439 37.803504, -122.453043 37.803871, -122.452512 37.803946, -122.451865 37.803955, -122.451363 37.80388, -122.450912 37.803767, -122.450583 37.803604, -122.450369 37.803491, -122.450392 37.803365, -122.450275 37.803217, -122.450111 37.802967, -122.450011 37.802655, -122.449918 37.802468, -122.449323 37.801834, -122.449045 37.801633, -122.447985 37.800898, -122.447294 37.800419, -122.447143 37.80039, -122.446211 37.799724, -122.445978 37.799586, -122.444724 37.798807, -122.444331 37.798795, -122.44266 37.799005, -122.44099 37.799217, -122.439349 37.79943, -122.437707 37.799639, -122.436059 37.799848, -122.434417 37.800056, -122.432773 37.800265, -122.431128 37.800474, -122.429483 37.800683, -122.427838 37.800891, -122.426193 37.8011, -122.424551 37.801308, -122.424551156 37.801308792)",03/25/2021 11:48:51 AM,01/18/2024 03:36:28 PM,"Marina, Presidio","2, 3"
650,,Van Ness Ave,24 Hours,0,2400,Non-red,no,24 hours everyday,Future TETL corridor,weekday,weekend,MTA,2020-06-11T17:10:48.000000000-07:00,EKNOPF,2021-03-25T11:48:51.000000000-07:00,Chestnut,150 ft N of Bay Street,,Both,,All Days,2018-12-31T16:00:00.000000000-08:00,,,,16-032,"LINESTRING (-122.424728542 37.802269613, -122.425208241 37.804562941)",03/25/2021 11:48:51 AM,01/18/2024 03:36:28 PM,"Marina, Russian Hill","2, 3"
1293,,,,,,,,,Existing permanent transit lanes,,,EKNOPF,2021-03-25T13:28:50.000000000-07:00,EKNOPF,2021-03-25T13:33:33.000000000-07:00,,,,,,,,,,,,"LINESTRING (-122.409086245 37.808107137, -122.407308918 37.807425841, -122.405167403 37.806355084, -122.403430397 37.805260532, -122.401883747 37.803999417)",03/25/2021 01:33:33 PM,01/18/2024 03:36:28 PM,"Financial District/South Beach, North Beach",3
641,,Jefferson Street,24 Hours,0,2400,Non-red,no,24 hours everyday,Existing permanent transit lanes,weekday,weekend,MTA,2020-06-11T17:10:48.000000000-07:00,EKNOPF,2021-03-25T10:52:34.000000000-07:00,Powell,Taylor,,Westbound,,All Days,1996-12-31T16:00:00.000000000-08:00,,Train,,697-97,"LINESTRING (-122.412520915 37.808633307, -122.415802076 37.808233831)",03/25/2021 10:52:34 AM,01/18/2024 03:36:28 PM,North Beach,3
667,0,Lincoln,24 Hours,0,2400,red lane,no,24 hours everyday,Future TETL corridor,weekdays,weekends,MTA,2020-06-11T17:10:48.000000000-07:00,EKNOPF,2021-03-25T11:48:01.000000000-07:00,20th Ave,19th Ave,,Eastbound,,All Days,,,,,14-110,"LINESTRING (-122.477309715 37.765446884, -122.478329237 37.765399651)",03/25/2021 11:48:01 AM,01/18/2024 03:36:28 PM,"Golden Gate Park, Sunset/Parkside",4
712,,16th St,24 Hours,0,2400,Non-red,taxi allowed,24 hours everyday,Existing permanent transit lanes,weekdays,weekends,MTA,2020-06-11T17:10:48.000000000-07:00,EKNOPF,2021-03-25T10:53:08.000000000-07:00,Vermont,Potrero,,Westbound,,All Days,2017-01-31T16:00:00.000000000-08:00,,,,16-013,"LINESTRING (-122.404625228 37.765981571, -122.407573757 37.76579959)",03/25/2021 10:53:08 AM,01/18/2024 03:36:28 PM,"Mission, Mission Bay","6, 9"
1296,,,,,,,,,Existing permanent transit lanes,,,EKNOPF,2021-03-25T13:31:08.000000000-07:00,EKNOPF,2021-03-25T13:33:39.000000000-07:00,,,,,,,,,,,,"LINESTRING (-122.391598923 37.774300571, -122.389748892 37.774389801, -122.387999988 37.755258935, -122.387214766 37.746585799)",03/25/2021 01:33:39 PM,01/18/2024 03:36:28 PM,"Bayview Hunters Point, Mission Bay, Potrero Hill","6, 10"
707,0,4th Street,24 Hours,0,2400,Non-red,taxi allowed,24 hours everyday,Future TETL corridor,weekdays,weekends,MTA,2020-06-11T17:10:48.000000000-07:00,EKNOPF,2021-03-25T13:17:14.000000000-07:00,Market St,Howard St,,,,All Days,2019-02-20T16:00:00.000000000-08:00,,,,,"LINESTRING (-122.404247433 37.784471809, -122.404256654 37.784479097, -122.405226387 37.785294332, -122.405725515 37.785688797, -122.40582534 37.785733878)",03/25/2021 01:17:14 PM,01/18/2024 03:36:28 PM,"Financial District/South Beach, South of Market",6
719,0,3rd Street,24 Hours,0,2400,red lane,taxi allowed,24 hours everyday,Existing permanent transit lanes,weekdays,weekends,MTA,2020-06-11T17:10:48.000000000-07:00,EKNOPF,2021-03-25T10:53:08.000000000-07:00,Townsend St,Market,,Both,,All Days,1999-07-11T17:00:00.000000000-07:00,,,,,"LINESTRING (-122.403429109 37.787646919, -122.403430809 37.787641797, -122.403342649 37.787274576, -122.403028202 37.787024367, -122.402575236 37.786678156, -122.402025429 37.7862481, -122.401489844 37.785829162, -122.401198738 37.785601452, -122.40046685 37.785029475, -122.400274329 37.784874506, -122.39908712 37.783910868, -122.398149473 37.783161364, -122.396901654 37.782161074, -122.396245658 37.781639791, -122.395689488 37.781197401, -122.394801755 37.780492954, -122.394020976 37.779864582, -122.392776723 37.778869884)",03/25/2021 10:53:08 AM,01/18/2024 03:36:28 PM,"Financial District/South Beach, South of Market",6
1287,,TETL,,,,,,,Implemented TETL Corridor,,,EKNOPF,2021-03-25T13:14:04.000000000-07:00,EKNOPF,2021-03-25T13:14:04.000000000-07:00,,,TETL,,,,,,,,,"LINESTRING (-122.403183778 37.77303002, -122.401669884 37.771822123)",03/25/2021 01:14:04 PM,01/18/2024 03:36:28 PM,South of Market,6
688,,Taraval St,24 Hours,0,2400,Non-red,taxi allowed,24 hours everyday,Existing permanent transit lanes,weekdays,weekends,MTA,2020-06-11T17:10:48.000000000-07:00,EKNOPF,2021-03-25T10:53:08.000000000-07:00,15th Ave,17th Ave,,Westbound,,All Days,2017-02-28T16:00:00.000000000-08:00,,,,16-132,"LINESTRING (-122.473580469 37.743176795, -122.471361099 37.743282161)",03/25/2021 10:53:08 AM,01/18/2024 03:36:28 PM,West of Twin Peaks,7
1601,,,,,,,,,Existing permanent transit lanes,,,EKNOPF,2021-03-25T13:31:59.000000000-07:00,EKNOPF,2021-03-25T13:33:42.000000000-07:00,,,,,,,,,,,,"LINESTRING (-122.387214766 37.746585799, -122.387143383 37.745015355, -122.389320589 37.73859081, -122.391819023 37.731666579, -122.395031296 37.723742974, -122.396637432 37.720114296, -122.398112698 37.71802037, -122.399016893 37.715402963, -122.400159034 37.713499394, -122.402015014 37.712262074, -122.403680637 37.711357879, -122.405489027 37.708026634)",03/25/2021 01:33:42 PM,01/18/2024 03:36:28 PM,"Bayview Hunters Point, Visitacion Valley",10
653,,Bush St,Part Time,600,1000,Non-red,taxi allowed,6AM - 10AM M-F,Existing permanent transit lanes,weekdays,,MTA,2020-06-11T17:10:48.000000000-07:00,EKNOPF,2021-03-25T10:53:08.000000000-07:00,Sansome,151 ft E Sansome,,Eastbound,,Weekdays,2014-12-31T16:00:00.000000000-08:00,,,2015-04-06T17:00:00.000000000-07:00,,"LINESTRING (-122.400744597 37.791183609, -122.400246039 37.791240726)",03/25/2021 10:53:08 AM,01/18/2024 03:36:28 PM,Financial District/South Beach,3
700,0,Sutter St.,24 Hours,0,2400,Non-red,taxi allowed,24 hours everyday,Existing permanent transit lanes,weekdays,weekends,MTA,2020-06-11T17:10:48.000000000-07:00,EKNOPF,2021-03-25T10:53:08.000000000-07:00,Gough St,Kearny St,,Both,,All Days,,,,,,"LINESTRING (-122.403844616 37.789826472, -122.406939206 37.789443299, -122.418433398 37.788000746, -122.42175616 37.787542428, -122.42503614 37.787124494)",03/25/2021 10:53:08 AM,01/18/2024 03:36:28 PM,"Financial District/South Beach, Nob Hill, Western Addition","2, 3"
708,,Geary Blvd,24 Hours,0,2400,Non-red,taxi allowed,24 hours everyday,Existing permanent transit lanes,,,MTA,2020-06-11T17:10:48.000000000-07:00,EKNOPF,2021-03-25T10:53:08.000000000-07:00,Fillmore,Gough,,Both,,All Days,2018-09-30T17:00:00.000000000-07:00,,,,180821-118,"LINESTRING (-122.424649098 37.78535536, -122.42799599 37.784959437, -122.431213542 37.784576442, -122.432925636 37.784357395)",03/25/2021 10:53:08 AM,01/18/2024 03:36:28 PM,"Japantown, Western Addition","2, 5"
649,0,O'Farrell St.,24 Hours,0,2400,red lane,taxi allowed,24 hours everyday,Existing permanent transit lanes,weekdays,weekends,MTA,2020-06-11T17:10:48.000000000-07:00,EKNOPF,2021-03-25T10:53:08.000000000-07:00,Franklin,Powell,,Both,,All Days,2003-12-31T16:00:00.000000000-08:00,,,,,"LINESTRING (-122.408020733 37.786418087, -122.409977704 37.786182111, -122.412195256 37.785905987, -122.418170525 37.785139597, -122.421200941 37.784750764, -122.42281954 37.784547893)",03/25/2021 10:53:08 AM,01/18/2024 03:36:28 PM,"Financial District/South Beach, Tenderloin, Western Addition","2, 3, 5"
729,,TETL,,,,,,,Future TETL corridor,,,AZHANG,2020-06-15T17:33:57.000000000-07:00,EKNOPF,2021-03-25T15:18:23.000000000-07:00,,,TETL,,,,,,,,,"LINESTRING (-122.446987379 37.788191456, -122.446228576 37.784443387)",03/25/2021 03:18:23 PM,01/18/2024 03:36:28 PM,Presidio Heights,2
701,0,O'Farrell St.,24 Hours,0,2400,Non-red,taxi allowed,24 hours everyday,Existing permanent transit lanes,weekday,weekend,MTA,2020-06-11T17:10:48.000000000-07:00,EKNOPF,2021-03-25T11:49:52.000000000-07:00,Stockton,Grant,,Both,,All Days,2017-12-31T16:00:00.000000000-08:00,,,,180821-118,"LINESTRING (-122.404587127 37.786734355, -122.404801038 37.786835788, -122.406397075 37.786609038)",03/25/2021 11:49:52 AM,01/18/2024 03:36:28 PM,Financial District/South Beach,"3, 6"
722,,Powell Street,24 Hours,0,2400,Non-red,taxi allowed,24 hours everyday,Existing permanent transit lanes,weekdays,weekends,MTA,2020-06-11T17:10:48.000000000-07:00,EKNOPF,2021-03-25T11:49:52.000000000-07:00,Geary Blvd,O'Farrell St,,,,All Days,,,,,,"LINESTRING (-122.408222903 37.787357572, -122.408020733 37.786418087)",03/25/2021 11:49:52 AM,01/18/2024 03:36:28 PM,Financial District/South Beach,3
661,,Bush St,Part Time,1500,1900,Non-red,taxi allowed,3PM-7PM M-F,Future TETL corridor,weekdays,,MTA,2020-06-11T17:10:48.000000000-07:00,EKNOPF,2021-03-25T11:48:01.000000000-07:00,Sansome,151 ft E Sansome,,Eastbound,,Weekdays,2014-12-31T16:00:00.000000000-08:00,,,2015-04-06T17:00:00.000000000-07:00,,"LINESTRING (-122.400744597 37.791183609, -122.400246039 37.791240726)",03/25/2021 11:48:01 AM,01/18/2024 03:36:28 PM,Financial District/South Beach,3
654,,Bush St,Part Time,600,1000,Non-red,taxi allowed,6AM - 10AM M-F,Future TETL corridor,weekdays,,MTA,2020-06-11T17:10:48.000000000-07:00,EKNOPF,2021-03-25T11:48:01.000000000-07:00,Montgomery,Sansome,,Eastbound,,Weekdays,2014-12-31T16:00:00.000000000-08:00,,,2015-04-06T17:00:00.000000000-07:00,,"LINESTRING (-122.402394404 37.790982437, -122.400744597 37.791183609)",03/25/2021 11:48:01 AM,01/18/2024 03:36:28 PM,Financial District/South Beach,3
662,,Van Ness Ave,24 Hours,0,2400,Non-red,no,24 hours everyday,Future TETL corridor,weekdays,weekends,MTA,2020-06-11T17:10:48.000000000-07:00,EKNOPF,2021-03-25T11:48:51.000000000-07:00,Filbert St,Lombard St,,Southbound,,All Days,,,,,15-131,"LINESTRING (-122.424553344 37.801303475, -122.424513007 37.801177519, -122.424484463 37.801043045, -122.424446983 37.800861327, -122.424410862 37.800679012, -122.424385025 37.800543122, -122.4243834 37.800534457, -122.424378359 37.800507566, -122.424376769 37.800499093, -122.424371608 37.800468835, -122.424367962 37.800450158, -122.424358668 37.800415028, -122.424373476 37.800413147, -122.424369055 37.800378698, -122.42436602 37.8003604, -122.42435792 37.800331871, -122.424356197 37.800324285, -122.424350171 37.800297195, -122.424348293 37.800288435, -122.424317732 37.800143349, -122.424278318 37.799951465, -122.424240021 37.799759012, -122.424211935 37.799612543, -122.424210287 37.799603817, -122.424205191 37.799576736, -122.424203767 37.799567584, -122.424200072 37.7995379, -122.424195576 37.79951955, -122.424185583 37.799484287)",03/25/2021 11:48:51 AM,01/18/2024 03:36:28 PM,"Marina, Russian Hill",3
679,,Stockton St,24 Hours,0,2400,Non-red,taxi allowed,24 hours everyday,Existing permanent transit lanes,weekdays,weekends,MTA,2020-06-11T17:10:48.000000000-07:00,EKNOPF,2021-03-25T10:53:08.000000000-07:00,Geary,Market,,Both,,All Days,1995-12-31T16:00:00.000000000-08:00,,,,,"LINESTRING (-122.406614686 37.787544303, -122.406182551 37.785532561)",03/25/2021 10:53:08 AM,01/18/2024 03:36:28 PM,Financial District/South Beach,"3, 6"
671,,Mission St,24 Hours,0,2400,red lane,taxi allowed,24 hours everyday,Existing permanent transit lanes,weekdays,weekends,MTA,2020-06-11T17:10:48.000000000-07:00,EKNOPF,2021-03-25T10:53:08.000000000-07:00,Duboce,Cesar Chavez Ave,,Southbound,,All Days,,,,,15-172,"LINESTRING (-122.42000832 37.770111449, -122.420023818 37.770109542, -122.42005426 37.770005316, -122.420076456 37.769929316, -122.420084597 37.76965163, -122.420073898 37.76905185, -122.420052087 37.768983624, -122.419981512 37.768273654, -122.419825234 37.766673601, -122.419668972 37.765051337, -122.419512736 37.763429273, -122.419494862 37.763243698, -122.419476287 37.76305084, -122.419443736 37.762712867, -122.419359267 37.761835855, -122.419206043 37.760235355, -122.419162496 37.759780485, -122.419052607 37.758632566, -122.419011533 37.758199786, -122.418901029 37.757035402, -122.418747574 37.755436936, -122.418738403 37.755341406, -122.418747574 37.755436936, -122.418593945 37.753836588, -122.418445271 37.752239454, -122.41828787 37.750639651, -122.418135251 37.749041287, -122.418093628 37.74860536, -122.418096638 37.74847832, -122.418221171 37.748165689, -122.418221198 37.748165646, -122.418236179 37.748165445)",03/25/2021 10:53:08 AM,01/18/2024 03:36:28 PM,"Bernal Heights, Mission","6, 9"
1295,,,,,,,,,Implemented TETL Corridor,,,EKNOPF,2021-03-25T13:30:35.000000000-07:00,EKNOPF,2021-03-25T13:34:08.000000000-07:00,,,,,,,,,,,,"LINESTRING (-122.394031526 37.776326286, -122.393234803 37.775698505, -122.391598923 37.774300571)",03/25/2021 01:34:08 PM,01/18/2024 03:36:28 PM,Mission Bay,6
680,0,Market,24 Hours,0,2400,red lane,taxi allowed,24 hours everyday,Existing permanent transit lanes,weekdays,weekends,MTA,2020-06-11T17:10:48.000000000-07:00,EKNOPF,2021-03-25T10:53:08.000000000-07:00,12th St,Van Ness Ave,,Eastbound,,All Days,1995-12-31T16:00:00.000000000-08:00,,,,15-096,"LINESTRING (-122.420252628 37.774364222, -122.420254288 37.774358622, -122.420148979 37.774378004, -122.419279377 37.775066572, -122.419255615 37.775147023)",03/25/2021 10:53:08 AM,01/18/2024 03:36:28 PM,"Hayes Valley, Mission",6
697,0,1st Street,24 Hours,0,2400,red lane,taxi allowed,24 hours everyday,Existing permanent transit lanes,weekdays,weekends,MTA,2020-06-11T17:10:48.000000000-07:00,EKNOPF,2021-03-25T10:53:08.000000000-07:00,Market St,Howard St,,Both,,All Days,1973-12-05T16:00:00.000000000-08:00,,,,,"LINESTRING (-122.399151801 37.791005455, -122.399148608 37.791016598, -122.39858952 37.790571174, -122.398159701 37.790228743, -122.397938581 37.790052616, -122.397574476 37.789762547, -122.397269847 37.789519855, -122.397034804 37.7893326, -122.396799364 37.789145027, -122.396570775 37.788962912, -122.396041208 37.788541005)",03/25/2021 10:53:08 AM,01/18/2024 03:36:28 PM,Financial District/South Beach,6
656,,Mission St,24 Hours,0,2400,Non-red,taxi allowed,24 hours everyday,Existing permanent transit lanes,weekdays,weekends,MTA,2020-06-11T17:10:48.000000000-07:00,EKNOPF,2021-03-25T15:13:24.000000000-07:00,11th St,South Van Ness Ave,,Westbound,,All Days,2017-09-30T17:00:00.000000000-07:00,,,,15-172,"LINESTRING (-122.417107288 37.774328131, -122.418618217 37.773053454)",03/25/2021 03:13:24 PM,01/18/2024 03:36:28 PM,"Mission, South of Market",6
692,0,Duboce Ave,24 Hours,0,2400,Non-red,no,24 hours everyday,Existing permanent transit lanes,weekdays,weekends,MTA,2020-06-11T17:10:48.000000000-07:00,EKNOPF,2021-03-25T13:19:38.000000000-07:00,Fillmore St,Church St,,Both,,All Days,2008-12-31T16:00:00.000000000-08:00,,,,,"LINESTRING (-122.429176792 37.769456825, -122.429911223 37.769407975)",03/25/2021 01:19:38 PM,01/18/2024 03:36:28 PM,Hayes Valley,8
1290,,TETL,,,,,,,Implemented TETL Corridor,,,EKNOPF,2021-03-25T13:23:27.000000000-07:00,EKNOPF,2021-03-25T13:23:27.000000000-07:00,,,TETL,,,,,,,,,"LINESTRING (-122.476091747 37.78049002, -122.475141916 37.780533095)",03/25/2021 01:23:27 PM,01/18/2024 03:36:28 PM,Outer Richmond,1
1602,,,,,,,,,Existing permanent transit lanes,,,EKNOPF,2021-03-25T15:17:22.000000000-07:00,EKNOPF,2021-03-25T15:17:56.000000000-07:00,,,,,,,,,,,,"LINESTRING (-122.445833723 37.782493027, -122.447314725 37.782396637)",03/25/2021 03:17:56 PM,01/18/2024 03:36:28 PM,"Lone Mountain/USF, Presidio Heights",2
718,0,Stockton St,24 Hours,0,2400,Non-red,taxi allowed,24 hours everyday,Existing permanent transit lanes,weekday,weekend,MTA,2020-06-11T17:10:48.000000000-07:00,EKNOPF,2021-03-25T10:53:08.000000000-07:00,Bush,Geary,,Both,,All Days,,,,,,"LINESTRING (-122.407146107 37.790380187, -122.406614686 37.787544303)",03/25/2021 10:53:08 AM,01/18/2024 03:36:28 PM,Financial District/South Beach,3
724,0,Sacramento St,24 Hours,0,2400,Non-red,taxi allowed,24 hours everyday,Future TETL corridor,weekdays,,MTA,2020-06-11T17:10:48.000000000-07:00,EKNOPF,2021-03-25T11:48:01.000000000-07:00,Drumm,Front,,Westbound,,All Days,1997-12-31T16:00:00.000000000-08:00,,,,546-98,"LINESTRING (-122.396577273 37.794607376, -122.397732398 37.794460878, -122.398970592 37.794315517)",03/25/2021 11:48:01 AM,01/18/2024 03:36:28 PM,Financial District/South Beach,3
646,,Powell Street,,,,Non-red,,,Existing permanent transit lanes,,,MTA,2020-06-11T17:10:48.000000000-07:00,EKNOPF,2021-03-25T11:49:52.000000000-07:00,Geary,Sutter,,,,,,,,,,"LINESTRING (-122.408226726 37.787359262, -122.408595045 37.789225615)",03/25/2021 11:49:52 AM,01/18/2024 03:36:28 PM,"Financial District/South Beach, Nob Hill, Tenderloin",3
659,,Jones St,24 Hours,0,2400,Non-red,no,24 hours everyday,Existing permanent transit lanes,weekdays,weekends,MTA,2020-06-11T17:10:48.000000000-07:00,EKNOPF,2021-03-25T10:52:34.000000000-07:00,Jefferson,Beach,,Southbound,,All Days,1996-12-31T16:00:00.000000000-08:00,,,,697-97,"LINESTRING (-122.417257539 37.807071558, -122.417444907 37.808013201)",03/25/2021 10:52:34 AM,01/18/2024 03:36:28 PM,North Beach,3
1294,,,,,,,,,Existing permanent transit lanes,,,EKNOPF,2021-03-25T13:30:05.000000000-07:00,EKNOPF,2021-03-25T13:33:35.000000000-07:00,,,,,,,,,,,,"LINESTRING (-122.401883747 37.803999417, -122.399504286 37.801334421, -122.398385939 37.800025718, -122.397338976 37.798883576, -122.395982684 37.797336927, -122.393864963 37.795147823, -122.392484876 37.793767735, -122.390938226 37.792459032, -122.390271977 37.791293096, -122.389581933 37.790531668, -122.388463587 37.789579884, -122.388011489 37.788842251, -122.387821132 37.787723904, -122.388106668 37.784654399, -122.388297025 37.781822841, -122.388392203 37.781013824, -122.389605728 37.779895477, -122.394031526 37.776326286)",03/25/2021 01:33:35 PM,01/18/2024 03:36:28 PM,"Financial District/South Beach, Mission Bay","3, 6"
647,,Powell Street,,,,Non-red,,,Existing permanent transit lanes,,,MTA,2020-06-11T17:10:48.000000000-07:00,EKNOPF,2021-03-25T11:49:52.000000000-07:00,Sacramento,Jackson,,,,,,,,,,"LINESTRING (-122.409898752 37.795616425, -122.409406828 37.793030975)",03/25/2021 11:49:52 AM,01/18/2024 03:36:28 PM,"Chinatown, Nob Hill",3
652,,Powell Street,24 Hours,0,2400,red lane,no,24 hours everyday,Existing permanent transit lanes,weekdays,weekends,MTA,2020-06-11T17:10:48.000000000-07:00,EKNOPF,2021-03-25T11:49:52.000000000-07:00,California St,Sacramento St,,Southbound,,All Days,1957-12-31T16:00:00.000000000-08:00,,,,,"LINESTRING (-122.409199058 37.792039044, -122.409406828 37.793030975)",03/25/2021 11:49:52 AM,01/18/2024 03:36:28 PM,Nob Hill,3
655,0,Clay Street,Part Time,700,900,Non-red,taxi allowed,7AM-9AM M-F,Future TETL corridor,weekdays,,MTA,2020-06-11T17:10:48.000000000-07:00,EKNOPF,2021-03-25T11:48:01.000000000-07:00,Powell St,Sansome St,,Eastbound,,Weekdays,1978-12-31T16:00:00.000000000-08:00,,,,726-70,"LINESTRING (-122.401497508 37.79483868, -122.402374359 37.794770878, -122.403139304 37.79466623, -122.403629041 37.794603202, -122.403620465 37.794604305, -122.404796481 37.794452953, -122.405663226 37.79434517, -122.406304994 37.794263575, -122.406821224 37.794197905, -122.407294014 37.794137759, -122.407532268 37.79410745, -122.407903311 37.794060245, -122.408720366 37.793956295, -122.40919146 37.793896357, -122.409541058 37.793851877, -122.409543802 37.793865329)",03/25/2021 11:48:01 AM,01/18/2024 03:36:28 PM,"Chinatown, Nob Hill",3
968,,TETL,,,,,,,Existing permanent transit lanes,,,AZHANG,2020-06-15T17:34:23.000000000-07:00,EKNOPF,2021-03-25T10:53:08.000000000-07:00,,,TETL,,,,,,,,,"LINESTRING (-122.405207471 37.788689718, -122.402010676 37.789107649)",03/25/2021 10:53:08 AM,01/18/2024 03:36:28 PM,Financial District/South Beach,3
734,,TETL,,,,,,,Future TETL corridor,,,AZHANG,2020-06-15T17:34:23.000000000-07:00,EKNOPF,2021-03-25T11:48:51.000000000-07:00,,,TETL,,,,,,,,,"LINESTRING (-122.481554222 37.765264574, -122.478329237 37.765399651, -122.477321608 37.765452978, -122.466455703 37.765929655, -122.458960102 37.766260598)",03/25/2021 11:48:51 AM,01/18/2024 03:36:28 PM,"Golden Gate Park, Inner Sunset, Sunset/Parkside","4, 7"
723,0,Judah Ave,24 Hours,0,2400,Non-red,no,24 hours everyday,Existing permanent transit lanes,weekdays,weekends,MTA,2020-06-11T17:10:48.000000000-07:00,EKNOPF,2021-03-25T10:53:08.000000000-07:00,19th Ave,10th Ave,,Both,,All Days,,,,,,"LINESTRING (-122.467247833 37.762134098, -122.472675239 37.761888351, -122.47700101 37.76170045, -122.47706471 37.761697642)",03/25/2021 10:53:08 AM,01/18/2024 03:36:28 PM,"Inner Sunset, Sunset/Parkside","4, 7"
698,0,Haight Street,24 Hours,0,2400,red lane,no,24 hours everyday,Existing permanent transit lanes,weekdays,weekends,MTA,2020-06-11T17:10:48.000000000-07:00,EKNOPF,2021-03-25T10:53:08.000000000-07:00,Buchanan St,Market St`,,Eastbound,,All Days,2010-12-31T16:00:00.000000000-08:00,,Bus,,,"LINESTRING (-122.427157943 37.772527583, -122.423778832 37.772950774, -122.422106103 37.773166595, -122.42193923 37.773036266)",03/25/2021 10:53:08 AM,01/18/2024 03:36:28 PM,"Hayes Valley, Mission","5, 6, 8"
713,0,Mission St,Part Time,700,1800,Non-red,taxi allowed,7AM-6PM M-F,Implemented TETL Corridor,weekdays,weekday only,MTA,2020-06-11T17:10:48.000000000-07:00,EKNOPF,2021-03-25T11:23:55.000000000-07:00,5th St,4th St,,Eastbound,,Weekdays,1976-12-31T16:00:00.000000000-08:00,,,,,"LINESTRING (-122.404247514 37.784471707, -122.406479812 37.782732768)",03/25/2021 11:23:55 AM,01/18/2024 03:36:28 PM,"Financial District/South Beach, South of Market",6
971,,TETL,,,,,,,Future TETL corridor,,,AZHANG,2020-06-15T17:34:23.000000000-07:00,EKNOPF,2021-03-25T11:48:51.000000000-07:00,,,TETL,,,,,,,,,"LINESTRING (-122.458741727 37.746760421, -122.457953 37.746824, -122.455479942 37.746332972, -122.454677306 37.74611116, -122.453929638 37.745704913, -122.453384841 37.745614107, -122.452896135 37.745694145, -122.45224 37.745697, -122.45193984 37.745574296, -122.451637195 37.745539229, -122.450605 37.744096, -122.449802 37.743262)",03/25/2021 11:48:51 AM,01/18/2024 03:36:28 PM,"Glen Park, Twin Peaks, West of Twin Peaks","7, 8"
972,,TETL,,,,,,,Future TETL corridor,,,AZHANG,2020-06-15T17:34:23.000000000-07:00,EKNOPF,2021-03-25T15:21:33.000000000-07:00,,,TETL,,,,,,,,,"LINESTRING (-122.471810645 37.731037343, -122.469355123 37.729981864, -122.468624192 37.72960355, -122.468220817 37.729226271, -122.467752551 37.728334055, -122.467343887 37.727777027, -122.466694594 37.727242755, -122.466086407 37.726789992, -122.465325827 37.726410265, -122.464585786 37.726136777, -122.463857101 37.725867481, -122.462828682 37.725487401, -122.461223755 37.72495469, -122.46024767 37.724753837, -122.458204598 37.724322526, -122.456163671 37.723891625, -122.452344766 37.723085233, -122.451898918 37.722752219)",03/25/2021 03:21:33 PM,01/18/2024 03:36:28 PM,"Oceanview/Merced/Ingleside, West of Twin Peaks","7, 11"
970,,TETL,,,,,,,Future TETL corridor,,,AZHANG,2020-06-15T17:34:23.000000000-07:00,EKNOPF,2021-03-25T11:48:51.000000000-07:00,,,TETL,,,,,,,,,"LINESTRING (-122.461536813 37.751508552, -122.461052991 37.750963, -122.460564773 37.749943946, -122.460123748 37.749479851, -122.459213 37.748509, -122.458882 37.748148, -122.458708 37.747847, -122.458648378 37.747773998, -122.458862 37.747521, -122.459187585 37.747291311)",03/25/2021 11:48:51 AM,01/18/2024 03:36:28 PM,"Twin Peaks, West of Twin Peaks",7
695,,West Portal Ave,24 Hours,0,2400,Non-red,no,24 hours everyday,Existing permanent transit lanes,weekdays,weekends,MTA,2020-06-11T17:10:48.000000000-07:00,EKNOPF,2021-03-25T10:53:08.000000000-07:00,Sloat Blvd,15th Ave,,Both,,All Days,,,Train,,,"LINESTRING (-122.470581833 37.736594014, -122.47155833 37.734738048)",03/25/2021 10:53:08 AM,01/18/2024 03:36:28 PM,West of Twin Peaks,7
674,,Powell Street,24 Hours,0,2400,red lane,taxi allowed,24 hours everyday,Existing permanent transit lanes,weekdays,weekends,MTA,2020-06-11T17:10:48.000000000-07:00,EKNOPF,2021-03-25T11:49:52.000000000-07:00,O'Farrell St,Ellis St,,Southbound,,All Days,,,,,,"LINESTRING (-122.408020733 37.786418087, -122.407839647 37.785454929)",03/25/2021 11:49:52 AM,01/18/2024 03:36:28 PM,Financial District/South Beach,3
974,,TETL,,,,,,,Future TETL corridor,,,AZHANG,2020-06-15T17:34:23.000000000-07:00,EKNOPF,2021-03-25T11:48:51.000000000-07:00,,,TETL,,,,,,,,,"LINESTRING (-122.45429433 37.708260948, -122.452677927 37.708811326, -122.449321871 37.709951192, -122.448390165 37.710377697, -122.445541 37.711891, -122.441908728 37.715313245, -122.441567488 37.715758434, -122.44043094 37.717249609, -122.435990091 37.723134954, -122.432924997 37.727182542, -122.424715764 37.735374863, -122.424053352 37.73741124, -122.423961987 37.738848278, -122.423593443 37.739888698, -122.422853781 37.741032401, -122.422096988 37.742202547)",03/25/2021 11:48:51 AM,01/18/2024 03:36:28 PM,"Bernal Heights, Excelsior, Outer Mission","8, 9, 11"
717,0,Geneva Ave,24 Hours,0,2400,red lane,taxi allowed,24 hours everyday,Future TETL corridor,weekdays,weekends,MTA,2020-06-11T17:10:48.000000000-07:00,EKNOPF,2021-03-25T11:48:01.000000000-07:00,Delano Ave,280 Freeway Overpass,,Westbound,,All Days,,,,,15-097,"LINESTRING (-122.445128763 37.720088207, -122.445270281 37.72018814, -122.446613163 37.72072405, -122.447738415 37.721154844)",03/25/2021 11:48:01 AM,01/18/2024 03:36:28 PM,Outer Mission,11
962,,TETL,,,,,,,Future TETL corridor,,,AZHANG,2020-06-15T17:34:23.000000000-07:00,EKNOPF,2021-03-25T11:48:51.000000000-07:00,,,TETL,,,,,,,,,"LINESTRING (-122.441167805 37.791635838, -122.439493592 37.783313483, -122.439310835 37.782455477, -122.437436149 37.773138488, -122.436862151 37.770347891, -122.436217388 37.76975578, -122.435807422 37.769063449)",03/25/2021 11:48:51 AM,01/18/2024 03:36:28 PM,"Haight Ashbury, Hayes Valley, Japantown, Pacific Heights, Western Addition","2, 5, 8"
728,0,Post St,24 Hours,0,2400,Non-red,taxi allowed,24 hours everyday,Existing permanent transit lanes,weekdays,weekends,MTA,2020-06-11T17:10:48.000000000-07:00,EKNOPF,2021-03-25T10:53:08.000000000-07:00,Gough St,Grant Ave,,Both,,All Days,1973-12-31T16:00:00.000000000-08:00,,,,,"LINESTRING (-122.424856594 37.786187139, -122.424858432 37.786196376, -122.42321388 37.786402268, -122.421570124 37.786618909, -122.419927956 37.786827474, -122.418270989 37.787037896, -122.416989841 37.787200574, -122.416808619 37.787223584, -122.414719414 37.787489458, -122.411239783 37.787923358, -122.40935736 37.788171299, -122.407546241 37.788407969, -122.405207471 37.788689718)",03/25/2021 10:53:08 AM,01/18/2024 03:36:28 PM,"Financial District/South Beach, Japantown, Nob Hill, Tenderloin, Western Addition","2, 3, 5"
969,,TETL,,,,,,,Existing permanent transit lanes,,,AZHANG,2020-06-15T17:34:23.000000000-07:00,EKNOPF,2021-03-25T10:53:08.000000000-07:00,,,TETL,,,,,,,,,"LINESTRING (-122.397425469 37.792451219, -122.392736038 37.788691661)",03/25/2021 10:53:08 AM,01/18/2024 03:36:28 PM,Financial District/South Beach,"3, 6"
693,0,Sansome Local Access,Part Time,700,2000,Non-red,taxi allowed,7AM to 8PM M-Su,Existing permanent transit lanes,weekdays,weekends,MTA,2020-06-11T17:10:48.000000000-07:00,EKNOPF,2021-03-25T10:53:08.000000000-07:00,Washington St,Bush St,,Southbound,,All Days,1996-12-31T16:00:00.000000000-08:00,,,,,"LINESTRING (-122.401671875 37.795709233, -122.400744597 37.791183609)",03/25/2021 10:53:08 AM,01/18/2024 03:36:28 PM,"Chinatown, Financial District/South Beach",3
664,,Sansome,Part Time,600,2000,Non-red,no,6AM-8PM M-Su,Existing permanent transit lanes,weekdays,weekends,MTA,2020-06-11T17:10:48.000000000-07:00,EKNOPF,2021-03-25T10:53:08.000000000-07:00,Broadway,Washington,,Southbound,,All Days,2015-12-31T16:00:00.000000000-08:00,,,2014-09-01T17:00:00.000000000-07:00,14-137,"LINESTRING (-122.401671875 37.795709233, -122.402212843 37.798429395)",03/25/2021 10:53:08 AM,01/18/2024 03:36:28 PM,"Chinatown, Financial District/South Beach",3
705,0,Sutter St.,Part Time,1500,1800,Non-red,taxi allowed,3PM-6PM M-F,Existing permanent transit lanes,weekdays,,MTA,2020-06-11T17:10:48.000000000-07:00,EKNOPF,2021-03-25T10:53:08.000000000-07:00,Kearny St,Sansome St,,Both,,Weekdays,,,,,,"LINESTRING (-122.400557656 37.790250128, -122.403842787 37.789828138)",03/25/2021 10:53:08 AM,01/18/2024 03:36:28 PM,Financial District/South Beach,3
727,0,Sacramento St,Part Time,700,900,Non-red,taxi allowed,7AM-9AM M-F,Future TETL corridor,weekdays,,MTA,2020-06-11T17:10:48.000000000-07:00,EKNOPF,2021-03-25T11:48:01.000000000-07:00,Kearny,Grant,,Westbound,,Weekdays,2015-12-31T16:00:00.000000000-08:00,,,2016-04-04T17:00:00.000000000-07:00,16-036,"LINESTRING (-122.404651689 37.793593401, -122.406134628 37.793397124)",03/25/2021 11:48:01 AM,01/18/2024 03:36:28 PM,Chinatown,3
721,0,Bush St,24 Hours,0,2400,Non-red,taxi allowed,24 hours everyday,Existing permanent transit lanes,weekdays,weekday only,MTA,2020-06-11T17:10:48.000000000-07:00,EKNOPF,2021-03-25T10:53:08.000000000-07:00,Sansome 151 ft E,Battery St,,Eastbound,,All Days,1997-12-31T16:00:00.000000000-08:00,,,,482-98,"LINESTRING (-122.399580397 37.791324968, -122.400246039 37.791240726)",03/25/2021 10:53:08 AM,01/18/2024 03:36:28 PM,Financial District/South Beach,3
660,,Pine,Part Time,1500,1900,Non-red,no,3PM-7PM M-F,Existing permanent transit lanes,weekdays,,MTA,2020-06-11T17:10:48.000000000-07:00,EKNOPF,2021-03-25T10:53:08.000000000-07:00,Market,Montgomery,,Westbound,,Weekdays,2014-12-31T16:00:00.000000000-08:00,,,,,"LINESTRING (-122.402580521 37.791895601, -122.397497502 37.792537068, -122.397425469 37.792451219)",03/25/2021 10:53:08 AM,01/18/2024 03:36:28 PM,Financial District/South Beach,3
694,0,Judah Ave,24 Hours,0,2400,Non-red,taxi allowed,24 hours everyday,Existing permanent transit lanes,weekdays,weekends,MTA,2020-06-11T17:10:48.000000000-07:00,EKNOPF,2021-03-25T10:53:08.000000000-07:00,20th Ave,La Playa,,Both,,All Days,,,,,,"LINESTRING (-122.478015506 37.76165575, -122.484502182 37.761369743, -122.493087175 37.760978906, -122.495749187 37.76087368, -122.509116295 37.760287421)",03/25/2021 10:53:08 AM,01/18/2024 03:36:28 PM,Sunset/Parkside,4
1286,,TETL,,,,,,,Implemented TETL Corridor,,,EKNOPF,2021-03-25T13:13:36.000000000-07:00,EKNOPF,2021-03-25T13:13:36.000000000-07:00,,,TETL,,,,,,,,,"LINESTRING (-122.409394266 37.777985208, -122.406309516 37.775523965)",03/25/2021 01:13:36 PM,01/18/2024 03:36:28 PM,South of Market,6
643,,West Portal Ave,Part Time,600,1000,Non-red,taxi allowed,6AM-10AM M-F,Existing permanent transit lanes,,,MTA,2020-06-11T17:10:48.000000000-07:00,EKNOPF,2021-03-25T10:53:08.000000000-07:00,Vicente ST,Ulloa St,,Northbound,,Weekdays,2019-04-30T17:00:00.000000000-07:00,,,,190521-055,"LINESTRING (-122.466991014 37.7397235, -122.465829024 37.740891975)",03/25/2021 10:53:08 AM,01/18/2024 03:36:28 PM,West of Twin Peaks,7
681,,Potrero Ave,24 Hours,0,2400,red lane,taxi allowed,24 hours everyday,Future TETL corridor,weekdays,weekends,MTA,2020-06-11T17:10:48.000000000-07:00,EKNOPF,2021-03-25T11:48:01.000000000-07:00,25th St,18th St,,Southbound,,All Days,2016-12-31T16:00:00.000000000-08:00,,,,14-043,"LINESTRING (-122.406181378 37.75141249, -122.406448714 37.754220228, -122.406712012 37.756178445, -122.407157538 37.762027371)",03/25/2021 11:48:01 AM,01/18/2024 03:36:28 PM,Mission,"9, 10"
973,,TETL,,,,,,,Future TETL corridor,,,AZHANG,2020-06-15T17:34:23.000000000-07:00,EKNOPF,2021-03-25T11:48:51.000000000-07:00,,,TETL,,,,,,,,,"LINESTRING (-122.441032764 37.716464536, -122.440268337 37.71604381, -122.433720021 37.713148148, -122.431940437 37.712771587, -122.4297118 37.71226939, -122.428821007 37.712130742, -122.427867852 37.711599926, -122.426970341 37.711312254, -122.42621511 37.710926025, -122.425524701 37.710794418, -122.424563588 37.710106851, -122.423984172 37.709683226, -122.423366635 37.709255941, -122.420096265 37.708316256)",03/25/2021 11:48:51 AM,01/18/2024 03:36:28 PM,"Excelsior, McLaren Park, Outer Mission, Visitacion Valley","10, 11"
668,,Taraval St,24 Hours,0,2400,Non-red,taxi allowed,24 hours everyday,Existing permanent transit lanes,weekdays,weekends,MTA,2020-06-11T17:10:48.000000000-07:00,EKNOPF,2021-03-25T10:53:08.000000000-07:00,46th Ave,17th Ave,,Both,,All Days,2017-02-28T16:00:00.000000000-08:00,,,,16-132,"LINESTRING (-122.473580469 37.743176795, -122.504688974 37.741747659)",03/25/2021 10:53:08 AM,01/18/2024 03:36:28 PM,"Sunset/Parkside, West of Twin Peaks","4, 7"
731,,TETL,,,,,,,Future TETL corridor,,,AZHANG,2020-06-15T17:34:23.000000000-07:00,EKNOPF,2021-03-25T11:48:51.000000000-07:00,,,TETL,,,,,,,,,"LINESTRING (-122.509907969 37.771401022, -122.484207417 37.772574054, -122.471775338 37.773143941, -122.465896376 37.773403198)",03/25/2021 11:48:51 AM,01/18/2024 03:36:28 PM,"Inner Richmond, Outer Richmond",1
730,,TETL,,,,,,,Future TETL corridor,,,AZHANG,2020-06-15T17:34:23.000000000-07:00,EKNOPF,2021-03-25T11:48:51.000000000-07:00,,,TETL,,,,,,,,,"LINESTRING (-122.470942285 37.707335888, -122.471013 37.708225, -122.471026 37.709091, -122.471057 37.710655, -122.471064 37.711935, -122.471119 37.712418, -122.471147 37.712667, -122.471215 37.713002, -122.47128 37.713315, -122.471447 37.714, -122.471596 37.714476, -122.471724 37.714884, -122.472224 37.716201, -122.472323 37.716507, -122.472432 37.716913, -122.472585 37.717178, -122.474752 37.719531, -122.474985 37.719926, -122.475238 37.720447, -122.475234 37.721062, -122.475114 37.723087, -122.475018 37.724929, -122.47498 37.725686, -122.474918 37.72692, -122.474819 37.729005, -122.47479 37.729633, -122.474822 37.730335, -122.474823 37.730334, -122.474869 37.73107, -122.474967 37.732461, -122.475115 37.73463, -122.475301 37.737459, -122.475422 37.73933, -122.475552 37.741191, -122.475657 37.743056, -122.475786 37.744923, -122.475915 37.746787, -122.476046 37.748652, -122.476176 37.750517, -122.476305 37.752383, -122.476436 37.754247, -122.476567 37.756115, -122.476697 37.757974, -122.476826 37.759839, -122.477023 37.761704, -122.477187 37.763564, -122.477321 37.765453, -122.477375 37.766067, -122.477404 37.766205, -122.477439 37.766338, -122.477475 37.766437, -122.477568 37.766638, -122.477858 37.767037, -122.477963 37.767186, -122.478068 37.767374, -122.478179 37.767628, -122.478264 37.767914, -122.478316 37.768299, -122.478346 37.768631, -122.478378 37.768915, -122.478456 37.769257, -122.478543 37.769495, -122.478654 37.769716, -122.478906 37.770175, -122.479172 37.770655, -122.479395 37.771043, -122.479517 37.771273, -122.479431 37.771667, -122.479282 37.771942, -122.479064 37.772094, -122.478783 37.772251, -122.478332 37.772338, -122.477844 37.772338, -122.477251 37.772375, -122.476647 37.772401, -122.476181 37.772426, -122.475763 37.772481, -122.475341 37.772521, -122.475078 37.772552, -122.474695 37.772553, -122.474365 37.772521, -122.473944 37.772472, -122.473463 37.772422, -122.472442 37.772338, -122.47214 37.772431, -122.471955 37.772559, -122.471866 37.772647, -122.471801 37.772766, -122.47177 37.772903, -122.471775 37.773144, -122.471918 37.775008, -122.472052 37.776873, -122.472186 37.778733, -122.472325 37.78066, -122.472464 37.782583, -122.472598 37.784454, -122.472682 37.7855, -122.472638 37.786319, -122.472557 37.786414, -122.472501 37.78678, -122.472401 37.787144, -122.472311 37.787383, -122.472179 37.787689, -122.472059 37.787931, -122.471919 37.788174, -122.471704 37.788479, -122.471423 37.788828, -122.470985 37.789413, -122.470815 37.789647, -122.470307 37.790348, -122.470041 37.790734, -122.469898 37.791003, -122.469726 37.791415, -122.469597 37.791889, -122.469553 37.792174, -122.469534 37.792534, -122.469473 37.796138, -122.469475 37.796419, -122.469469 37.79719, -122.469463 37.798061, -122.46945 37.798645, -122.469442 37.799238, -122.469416 37.799782, -122.469409 37.80045, -122.469407499 37.800632668, -122.469406 37.800815, -122.469411 37.803231, -122.469656 37.803618, -122.470068 37.803991, -122.470379 37.804146, -122.472138102 37.804516785, -122.472729 37.804738, -122.474436543 37.806322963)",03/25/2021 11:48:51 AM,01/18/2024 03:36:28 PM,"Golden Gate Park, Inner Sunset, Lakeshore, Oceanview/Merced/Ingleside, Outer Richmond, Presidio, Seacliff, Sunset/Parkside, West of Twin Peaks","1, 2, 4, 7, 11"
732,,TETL,,,,,,,Future TETL corridor,,,AZHANG,2020-06-15T17:34:23.000000000-07:00,EKNOPF,2021-03-25T11:48:51.000000000-07:00,,,TETL,,,,,,,,,"LINESTRING (-122.465918838 37.773341397, -122.458384312 37.774313889, -122.454695859 37.774760478)",03/25/2021 11:48:51 AM,01/18/2024 03:36:28 PM,"Golden Gate Park, Inner Richmond, Lone Mountain/USF",1
736,,TETL,,,,,,,Future TETL corridor,,,AZHANG,2020-06-15T17:34:23.000000000-07:00,EKNOPF,2021-03-25T11:48:51.000000000-07:00,,,TETL,,,,,,,,,"LINESTRING (-122.401573868 37.79484355, -122.425993371 37.791761919, -122.425815352 37.790879425)",03/25/2021 11:48:51 AM,01/18/2024 03:36:28 PM,"Chinatown, Nob Hill, Pacific Heights, Russian Hill","2, 3"
716,,Van Ness Ave,24 Hours,0,2400,Non-red,no,24 hours everyday,Future TETL corridor,weekday,weekend,MTA,2020-06-11T17:10:48.000000000-07:00,EKNOPF,2021-03-25T11:48:51.000000000-07:00,North Point,150 ft N of Bay Street,,Southbound,,All Days,2018-12-31T16:00:00.000000000-08:00,,,,16-032,"LINESTRING (-122.425208241 37.804562941, -122.425303285 37.805086523)",03/25/2021 11:48:51 AM,01/18/2024 03:36:28 PM,"Marina, Russian Hill",2
690,0,Geary Street,24 Hours,0,2400,Non-red,taxi allowed,24 hours everyday,Existing permanent transit lanes,weekdays,weekends,MTA,2020-06-11T17:10:48.000000000-07:00,EKNOPF,2021-03-25T10:53:08.000000000-07:00,Gough St,Polk St,,Both,,All Days,1979-12-31T16:00:00.000000000-08:00,,,,,"LINESTRING (-122.419753707 37.785904621, -122.423374027 37.785435526, -122.42380185 37.78538387, -122.424342572 37.785388566, -122.424526773 37.785412046, -122.424705033 37.785412045, -122.424710975 37.785426134)",03/25/2021 10:53:08 AM,01/18/2024 03:36:28 PM,"Japantown, Tenderloin, Western Addition","2, 3"
645,,Clay Street,Part Time,1500,1800,Non-red,taxi allowed,3PM-6PM M-F,Future TETL corridor,,,MTA,2020-06-11T17:10:48.000000000-07:00,EKNOPF,2021-03-25T11:48:01.000000000-07:00,Grant Ave,Sansome St,,Eastbound,,Weekdays,2015-12-31T16:00:00.000000000-08:00,,,,,"LINESTRING (-122.406304986 37.794263627, -122.401497508 37.79483868)",03/25/2021 11:48:01 AM,01/18/2024 03:36:28 PM,Chinatown,3
703,0,Clay Street,24 Hours,0,2400,red lane,taxi allowed,24 hours everyday,Existing permanent transit lanes,weekdays,weekends,MTA,2020-06-11T17:10:48.000000000-07:00,EKNOPF,2021-03-25T10:53:08.000000000-07:00,Sansome St,Davis St,,Both,,All Days,1976-12-31T16:00:00.000000000-08:00,,,,,"LINESTRING (-122.401484979 37.79483967, -122.401377756 37.79484887, -122.400459779 37.794960472, -122.400329341 37.795013098, -122.399149428 37.795163334, -122.398466417 37.795250293, -122.397979135 37.795308721)",03/25/2021 10:53:08 AM,01/18/2024 03:36:28 PM,"Chinatown, Financial District/South Beach",3
663,0,Geary Street,24 Hours,0,2400,red lane,taxi allowed,24 hours everyday,Existing permanent transit lanes,weekdays,weekends,MTA,2020-06-11T17:10:48.000000000-07:00,EKNOPF,2021-03-25T10:53:08.000000000-07:00,Polk St,Powell St,,Both,,All Days,2003-12-31T16:00:00.000000000-08:00,,,,767-04,"LINESTRING (-122.408222903 37.787357572, -122.408233828 37.787356173, -122.413183508 37.786741008, -122.416487256 37.786327764, -122.419753707 37.785904621)",03/25/2021 10:53:08 AM,01/18/2024 03:36:28 PM,"Financial District/South Beach, Tenderloin",3
689,0,Powell Street,24 Hours,0,2400,red lane,no,24 hours everyday,Existing permanent transit lanes,weekdays,weekends,MTA,2020-06-11T17:10:48.000000000-07:00,EKNOPF,2021-03-25T11:49:52.000000000-07:00,Sutter St,California St,,Both,,All Days,1957-12-31T16:00:00.000000000-08:00,"60, 61",Train,,,"LINESTRING (-122.409175075 37.792042487, -122.408978989 37.791079882, -122.408788847 37.790159527, -122.408592761 37.78923916)",03/25/2021 11:49:52 AM,01/18/2024 03:36:28 PM,"Financial District/South Beach, Nob Hill",3
1292,,,,,,,,,Existing permanent transit lanes,,,EKNOPF,2021-03-25T13:27:32.000000000-07:00,EKNOPF,2021-03-25T13:33:30.000000000-07:00,,,,,,,,,,,,"LINESTRING (-122.412520915 37.808633307, -122.409086245 37.808107137)",03/25/2021 01:33:30 PM,01/18/2024 03:36:28 PM,North Beach,3
725,,California,24 Hours,0,2400,red lane,no,24 hours everyday,Existing permanent transit lanes,weekdays,weekends,MTA,2020-06-11T17:10:48.000000000-07:00,EKNOPF,2021-03-25T11:49:52.000000000-07:00,Powell St,Stockton St,,Both,,All Days,,,,,170718-088,"LINESTRING (-122.409171361 37.792042514, -122.40751895 37.792251164)",03/25/2021 11:49:52 AM,01/18/2024 03:36:28 PM,"Chinatown, Financial District/South Beach, Nob Hill",3
1282,,TETL,,,,,,,Future TETL corridor,,,EKNOPF,2021-03-25T13:07:49.000000000-07:00,EKNOPF,2021-03-25T13:10:11.000000000-07:00,,,TETL,,,,,,,,,"LINESTRING (-122.418975249 37.782980326, -122.415895745 37.783520638, -122.4149831 37.778866914, -122.414811402 37.778730712)",03/25/2021 01:10:11 PM,01/18/2024 03:36:28 PM,Tenderloin,"5, 6"
963,,TETL,,,,,,,Future TETL corridor,,,AZHANG,2020-06-15T17:34:23.000000000-07:00,EKNOPF,2021-03-25T11:48:51.000000000-07:00,,,TETL,,,,,,,,,"LINESTRING (-122.428815309 37.772320842, -122.427171653 37.772529913)",03/25/2021 11:48:51 AM,01/18/2024 03:36:28 PM,Hayes Valley,5
675,,McAllister Street,24 Hours,0,2400,Non-red,taxi allowed,24 hours everyday,Existing permanent transit lanes,weekdays,weekends,MTA,2020-06-11T17:10:48.000000000-07:00,EKNOPF,2021-03-25T11:49:52.000000000-07:00,Hyde,Charles J Brenham,,Eastbound,,All Days,2009-12-31T16:00:00.000000000-08:00,,,2010-05-31T17:00:00.000000000-07:00,10-071,"LINESTRING (-122.41315133 37.780994762, -122.415325197 37.780721287)",03/25/2021 11:49:52 AM,01/18/2024 03:36:28 PM,Tenderloin,5
669,0,Mission St,Part Time,1600,1800,Non-red,taxi allowed,4PM-6PM M-F,Implemented TETL Corridor,weekdays,,MTA,2020-06-11T17:10:48.000000000-07:00,EKNOPF,2021-03-25T13:04:45.000000000-07:00,11th St,5th St,,Both,,Weekdays,1975-12-31T16:00:00.000000000-08:00,,,,,"LINESTRING (-122.406479812 37.782732768, -122.409187808 37.780638312, -122.417107288 37.774328131)",03/25/2021 01:04:45 PM,01/18/2024 03:36:28 PM,South of Market,6
704,,16th St,24 Hours,0,2400,Non-red,taxi allowed,24 hours everyday,Existing permanent transit lanes,weekdays,weekends,MTA,2020-06-11T17:10:48.000000000-07:00,EKNOPF,2021-03-25T10:53:08.000000000-07:00,Vermont,Third St,,Both,,All Days,2017-01-31T16:00:00.000000000-08:00,,,,16-013,"LINESTRING (-122.389154891 37.766935165, -122.404625228 37.765981571)",03/25/2021 10:53:08 AM,01/18/2024 03:36:28 PM,Mission Bay,6
966,,TETL,,,,,,,Future TETL corridor,,,AZHANG,2020-06-15T17:34:23.000000000-07:00,EKNOPF,2021-03-25T13:15:41.000000000-07:00,,,TETL,,,,,,,,,"LINESTRING (-122.406309516 37.775523965, -122.403183778 37.77303002)",03/25/2021 01:15:41 PM,01/18/2024 03:36:28 PM,South of Market,6
666,,Fremont Street,24 Hours,0,2400,Non-red,taxi allowed,24 hours everyday,Existing permanent transit lanes,weekday,weekend,MTA,2020-06-11T17:10:48.000000000-07:00,EKNOPF,2021-03-25T10:53:08.000000000-07:00,Harrison,Folsom,,Northbound,,All Days,2008-12-31T16:00:00.000000000-08:00,,,2009-08-03T17:00:00.000000000-07:00,09-120,"LINESTRING (-122.392040713 37.786771531, -122.393609866 37.788001735)",03/25/2021 10:53:08 AM,01/18/2024 03:36:28 PM,Financial District/South Beach,6
696,0,Church Street,24 Hours,0,2400,red lane,taxi allowed,24 hours everyday,Existing permanent transit lanes,weekdays,weekends,MTA,2020-06-11T17:10:48.000000000-07:00,EKNOPF,2021-03-25T13:19:43.000000000-07:00,16th St,Duboce Ave,,Both,,All Days,2011-12-31T16:00:00.000000000-08:00,,,2015-06-01T17:00:00.000000000-07:00,15-082,"LINESTRING (-122.429143666 37.769466688, -122.428972536 37.76773628, -122.428944015 37.767510817, -122.428815669 37.766124203, -122.428673061 37.764495179)",03/25/2021 01:19:43 PM,01/18/2024 03:36:28 PM,"Castro/Upper Market, Hayes Valley",8
702,0,Mission St,Part Time,700,900,Non-red,taxi allowed,7AM-9AM M-F,Implemented TETL Corridor,weekdays,,MTA,2020-06-11T17:10:48.000000000-07:00,EKNOPF,2021-03-25T11:23:55.000000000-07:00,11th St,5th St,,Eastbound,,Weekdays,1975-12-31T16:00:00.000000000-08:00,,,,,"LINESTRING (-122.406479812 37.782732768, -122.409187808 37.780638312, -122.417107288 37.774328131)",03/25/2021 11:23:55 AM,01/18/2024 03:36:28 PM,South of Market,6
665,0,Starr King Way,24 Hours,0,2400,red lane,taxi allowed,24 hours everyday,Existing permanent transit lanes,weekdays,weekends,MTA,2020-06-11T17:10:48.000000000-07:00,EKNOPF,2021-03-25T10:53:08.000000000-07:00,Gough St.,Franklin,,Both,,All Days,2003-12-31T16:00:00.000000000-08:00,,,,767-04,"LINESTRING (-122.42281954 37.784547893, -122.422890823 37.78454829, -122.423040193 37.784553197, -122.423324776 37.784615056, -122.423611918 37.784766407, -122.423742779 37.78488454, -122.42387364 37.785002671, -122.42417017 37.785192813, -122.424537574 37.785273532, -122.42468705 37.785334571, -122.424649098 37.78535536)",03/25/2021 10:53:08 AM,01/18/2024 03:36:28 PM,Western Addition,2
673,,Van Ness Ave,24 Hours,0,2400,Non-red,no,24 hours everyday,Future TETL corridor,weekdays,weekends,MTA,2020-06-11T17:10:48.000000000-07:00,EKNOPF,2021-03-25T11:48:51.000000000-07:00,Market St,Filbert St,,Both,,All Days,2018-12-31T16:00:00.000000000-08:00,,,,15-131,"LINESTRING (-122.419269898 37.775144378, -122.419270619 37.775146829, -122.419295468 37.775206837, -122.419300803 37.775231623, -122.419308594 37.775287812, -122.419313686 37.775338981, -122.419315031 37.775352402, -122.419326982 37.77543233, -122.41937428 37.775667215, -122.41942857 37.775904053, -122.419465529 37.776088898, -122.419498359 37.776246694, -122.419503912 37.776280901, -122.419499314 37.776297548, -122.419520809 37.776367013, -122.419521308 37.776368625, -122.41952357 37.776397733, -122.419524111 37.776400793, -122.419530495 37.776426902, -122.419536015 37.776447754, -122.419543277 37.776474926, -122.419545739 37.776485978, -122.419547517 37.776494184, -122.419576662 37.776637802, -122.419615451 37.776833525, -122.419655246 37.77702949, -122.419684299 37.77717449, -122.419685943 37.777183235, -122.419687941 37.777194286, -122.419691721 37.777221854, -122.41969466 37.77724273, -122.419698875 37.777268829, -122.41969951 37.777271637, -122.419708059 37.777298006, -122.419693566 37.777299856, -122.419708059 37.777298006, -122.41970858 37.777299611, -122.419711719 37.777327985, -122.419712405 37.777330666, -122.41971713 37.777356165, -122.419722352 37.777376693, -122.419729789 37.77740406, -122.419732547 37.777415794, -122.419734557 37.777425067, -122.419747557 37.77748759, -122.41976433 37.777572671, -122.41978201 37.777664148, -122.41980062 37.77775907, -122.419820685 37.777857748, -122.419841064 37.77795394, -122.419860694 37.778044946, -122.419875519 37.778116784, -122.419878412 37.77813256, -122.419882768 37.778161527, -122.41988622 37.778185485, -122.419890743 37.778218113, -122.419891111 37.778221219, -122.41989755 37.778247885, -122.419898247 37.778250772, -122.419904653 37.778284192, -122.419907429 37.778296407, -122.419909574 37.778313214, -122.419909944 37.778320675, -122.419910098 37.778344717, -122.419909948 37.778355278, -122.419990975 37.778730452, -122.420070386 37.779128146, -122.420155793 37.779526186, -122.420238947 37.779911213, -122.420249666 37.779935401, -122.420253102 37.779966116, -122.420247499 37.779987841, -122.420248103 37.780029659, -122.420262157 37.780074314, -122.4202622 37.780074452, -122.420261196 37.780113881, -122.420261875 37.780151223, -122.420268497 37.780189006, -122.420271882 37.780208613, -122.420275141 37.780225362, -122.420288794 37.780291236, -122.42030909 37.78037813, -122.420330917 37.780469893, -122.42035304 37.780565163, -122.420374197 37.780658496, -122.420394369 37.780748255, -122.420412973 37.780830822, -122.420426321 37.780890708, -122.420428853 37.78090237, -122.420431464 37.780914629, -122.42043715 37.780944175, -122.420440211 37.780965862, -122.420444863 37.78099657, -122.420445413 37.780999513, -122.420454062 37.781028991, -122.420454533 37.781030598, -122.420459308 37.781059571, -122.420460122 37.781063662, -122.420472478 37.78109791, -122.420480061 37.781124333, -122.42048576 37.781149325, -122.420487584 37.781157923, -122.420499956 37.781221534, -122.420516228 37.781309635, -122.420534018 37.78140283, -122.420552887 37.7814985, -122.420571467 37.781593447, -122.420588788 37.781686369, -122.420604518 37.781775086, -122.42061591 37.781837332, -122.420618015 37.781848017, -122.420623252 37.781876284, -122.420627647 37.781895979, -122.420638384 37.781934609, -122.420652377 37.781958975, -122.42063825 37.781960766, -122.420652377 37.781958975, -122.420653265 37.781960521, -122.420654168 37.781991532, -122.420654606 37.781994719, -122.420659569 37.782023285, -122.42066483 37.782046292, -122.420671936 37.78207473, -122.420674666 37.782087355, -122.420676253 37.782095134, -122.420687622 37.782151551, -122.420704208 37.782235137, -122.420722628 37.782328421, -122.420742243 37.782427124, -122.420761587 37.782523239, -122.420780106 37.782614207, -122.42079671 37.782696073, -122.420807971 37.782753969, -122.420809952 37.782764698, -122.420812042 37.782777088, -122.420815922 37.782807975, -122.420818801 37.782830763, -122.420823076 37.782859688, -122.420823566 37.782862731, -122.420831583 37.782892273, -122.420832018 37.782893877, -122.420832565 37.782920242, -122.420839602 37.782952543, -122.42084467 37.782976261, -122.420849412 37.783001246, -122.420851031 37.783009921, -122.420863769 37.783078774, -122.420881222 37.783170416, -122.420900232 37.783265433, -122.420919955 37.783361303, -122.420938324 37.783451025, -122.42095591 37.783539156, -122.420972872 37.783625338, -122.42098725 37.783695045, -122.420990701 37.78371069, -122.420994338 37.783726594, -122.421001628 37.783759464, -122.421010248 37.783791726, -122.421022743 37.783822325, -122.421023376 37.783823874, -122.421025863 37.783851674, -122.421034328 37.783884306, -122.421040468 37.783908649, -122.421045969 37.783935782, -122.421048674 37.783949964, -122.421061129 37.784020672, -122.42107597 37.78410963, -122.42109195 37.7842014, -122.421109475 37.784292746, -122.42112832 37.78438136, -122.421148711 37.784469998, -122.421169 37.784555745, -122.421184509 37.784624748, -122.421187702 37.784640201, -122.421192908 37.784667418, -122.421196203 37.784691553, -122.421200321 37.78472592, -122.42120709 37.784749993, -122.421207544 37.784751615, -122.421207991 37.784753202, -122.421207708 37.78478695, -122.42121228 37.784819605, -122.421218973 37.78485531, -122.421221827 37.784870031, -122.421224927 37.784885173, -122.421240601 37.784954795, -122.421261285 37.785041356, -122.421282265 37.78513033, -122.421303181 37.785221359, -122.421324479 37.785314108, -122.421346163 37.78540583, -122.421367674 37.785493933, -122.421384201 37.785562898, -122.421387069 37.785575606, -122.421392385 37.78560067, -122.421396292 37.785623361, -122.421400525 37.78565541, -122.421400904 37.785658484, -122.421407893 37.785683986, -122.421393308 37.785685802, -122.421408324 37.785685558, -122.421408618 37.785690204, -122.421410623 37.785721916, -122.421413387 37.785739873, -122.42141517 37.785769869, -122.421416515 37.785779048, -122.421421347 37.785808682, -122.421423094 37.785818484, -122.421433476 37.785872708, -122.421451774 37.785962448, -122.421470981 37.786056623, -122.421490245 37.786152929, -122.421508912 37.786246553, -122.421527649 37.786338309, -122.42154628 37.786425814, -122.421558632 37.786482128, -122.421560779 37.78649187, -122.421567295 37.786521102, -122.421569927 37.78653304, -122.421578366 37.786564059, -122.421580613 37.78658339, -122.421584907 37.786616961, -122.421584914 37.786617011, -122.421585131 37.786618716, -122.421595053 37.78665461, -122.42159699 37.786672163, -122.421601814 37.786699669, -122.421602667 37.786704446, -122.421607529 37.786731477, -122.421609415 37.786741197, -122.421620206 37.78679539, -122.421638392 37.786884686, -122.421657333 37.78697802, -122.421676508 37.787073574, -122.421696134 37.787171618, -122.421715709 37.787268085, -122.421734951 37.787360382, -122.421747498 37.787419024, -122.421749405 37.787427847, -122.421755341 37.787455217, -122.421757794 37.787464365, -122.421764376 37.787493934, -122.421769174 37.787512197, -122.42177229 37.787540373, -122.42177294 37.787546256, -122.421773121 37.787547895, -122.421782516 37.787582902, -122.421787233 37.78760108, -122.421791167 37.787630806, -122.421792785 37.78763963, -122.421797942 37.787667834, -122.421799651 37.787676702, -122.421810718 37.787733691, -122.421828469 37.787823939, -122.421847207 37.787918069, -122.421866484 37.78801391, -122.421886459 37.788112216, -122.421906298 37.788208801, -122.421925548 37.78830138, -122.42193799 37.78836046, -122.421939866 37.788369304, -122.421946097 37.788397373, -122.421948042 37.788406157, -122.42195603 37.788435369, -122.421958722 37.788453814, -122.421963377 37.788487757, -122.421963602 37.788489398, -122.421973849 37.788524133, -122.421976163 37.788542578, -122.421981702 37.788572384, -122.421983198 37.788581889, -122.421988458 37.788609347, -122.42199016 37.788618194, -122.42200118 37.788675091, -122.42201888 37.788765318, -122.422037629 37.788859623, -122.422056968 37.788955712, -122.422076008 37.789049191, -122.422094881 37.78914079, -122.422113144 37.789228351, -122.422124647 37.78928288, -122.422126522 37.78929171, -122.422132359 37.789319109, -122.422134689 37.789328514, -122.422141183 37.789358196, -122.422146264 37.789376289, -122.422150042 37.789410179, -122.422150225 37.789411817, -122.422160648 37.789446609, -122.422164482 37.789465221, -122.422167761 37.789495002, -122.422169602 37.789503827, -122.422174881 37.789531092, -122.422176312 37.789539509, -122.422200161 37.789680898, -122.422244918 37.789883015, -122.422290608 37.790079884, -122.422314443 37.790212906, -122.422315485 37.790220613, -122.422317263 37.790234392, -122.422321067 37.790265092, -122.422323916 37.790288657, -122.422328572 37.790324288, -122.42233009 37.790330464, -122.422343405 37.790367823, -122.422328955 37.79036966, -122.422343405 37.790367823, -122.422343972 37.790369415, -122.422346976 37.790408984, -122.422347643 37.790414112, -122.422358075 37.790450565, -122.422363326 37.790474697, -122.422371893 37.790504044, -122.422375654 37.790517277, -122.422377708 37.790524703, -122.42240564 37.790647887, -122.422437803 37.790836667, -122.422472991 37.791030121, -122.42250422 37.791161646, -122.422506283 37.791169635, -122.422512483 37.791195117, -122.422514425 37.79120347, -122.422519884 37.791234921, -122.422526325 37.791252816, -122.422529796 37.791287019, -122.422529961 37.791288646, -122.422539132 37.791323752, -122.422542761 37.791342414, -122.422548051 37.79137276, -122.422549645 37.791381216, -122.422554699 37.791408023, -122.422556328 37.791416664, -122.422581875 37.79155079, -122.422617607 37.791731675, -122.422655029 37.791912369, -122.422683736 37.792046191, -122.422685601 37.79205481, -122.422691395 37.792081568, -122.422693218 37.792090001, -122.422700167 37.792120137, -122.42270408 37.792138787, -122.422708946 37.792172765, -122.422709181 37.7921744, -122.422718396 37.792209542, -122.422721817 37.792229473, -122.422727324 37.792258555, -122.422728915 37.792266999, -122.422733956 37.792293781, -122.42273558 37.792302412, -122.422760553 37.792433953, -122.422795722 37.792612267, -122.422832666 37.792790371, -122.422860887 37.792921581, -122.422862752 37.79293018, -122.422868535 37.792956888, -122.422870354 37.792965307, -122.422876584 37.792994294, -122.422881181 37.7930141, -122.422885991 37.79304813, -122.42288622 37.793049758, -122.422895415 37.793084849, -122.42289904 37.793103542, -122.422904289 37.793133889, -122.422905872 37.793142352, -122.422910884 37.793169198, -122.422912497 37.793177843, -122.422937749 37.793311888, -122.422973125 37.793492596, -122.423010201 37.793673067, -122.423038591 37.793806613, -122.423040438 37.793815229, -122.423046172 37.793841957, -122.423047973 37.793850366, -122.42305487 37.793880494, -122.423058755 37.79389913, -122.42306359 37.793933127, -122.423063822 37.79393476, -122.423073016 37.793969868, -122.423076656 37.793988556, -122.42308194 37.794018907, -122.423083536 37.794027381, -122.42308858 37.794054207, -122.423090206 37.794062849, -122.423115523 37.794196177, -122.423151039 37.794376229, -122.423188264 37.794556053, -122.423216746 37.794688947, -122.423218607 37.794697558, -122.423224385 37.794724279, -122.423226204 37.794732703, -122.423233145 37.794762834, -122.423237054 37.79478148, -122.423241929 37.794815467, -122.423242165 37.794817111, -122.423252826 37.794852028, -122.42325375 37.794870611, -122.423260959 37.794901834, -122.423262413 37.794910252, -122.423266576 37.794936004, -122.423267764 37.794944111, -122.423290047 37.79507727, -122.423333063 37.79527011, -122.423377046 37.795457707, -122.423399056 37.795582009, -122.423400012 37.795589439, -122.423401659 37.795603031, -122.423405023 37.795632525, -122.423409563 37.795656907, -122.423413968 37.795694029, -122.423415306 37.795698853, -122.423427533 37.795735255, -122.423428073 37.795736864, -122.423429911 37.795776564, -122.423431083 37.795783893, -122.423440449 37.795818105, -122.423447936 37.795840951, -122.423455683 37.79587036, -122.423459416 37.795883415, -122.423461311 37.795890281, -122.423490407 37.796018823, -122.423524061 37.796215978, -122.423561782 37.796419567, -122.423595543 37.796560992, -122.423597402 37.796569165, -122.423602808 37.796596039, -122.423604608 37.796606236, -122.423612556 37.796636167, -122.423613582 37.796655916, -122.423616186 37.796689164, -122.423616315 37.796690813, -122.423629322 37.796725299, -122.423632215 37.796743813, -122.42363819 37.796772621, -122.423639553 37.796780537, -122.423644822 37.796806641, -122.423646487 37.796815041, -122.423674435 37.796960417, -122.423712057 37.797151469, -122.423751706 37.79734272, -122.42378254 37.797487937, -122.423784398 37.79749664, -122.423790169 37.797523653, -122.423792438 37.797532671, -122.423799026 37.797562198, -122.423804293 37.797580446, -122.423807814 37.797614701, -122.423807983 37.797616337, -122.423817828 37.797651554, -122.423822368 37.797669875, -122.42382608 37.797699592, -122.423827647 37.797708356, -122.423832688 37.797735869, -122.423834341 37.79774459, -122.423862558 37.797891432, -122.423900844 37.798084447, -122.423940555 37.798277291, -122.423971658 37.798423813, -122.423973525 37.798432509, -122.423979591 37.798459916, -122.423981557 37.798468631, -122.423989743 37.798497779, -122.423992652 37.798516321, -122.423996959 37.798550571, -122.423997164 37.798552209, -122.424007037 37.798587435, -122.424011582 37.798605765, -122.424015282 37.798635479, -122.424016848 37.798644242, -122.424021885 37.798671751, -122.424023538 37.798680468, -122.424051544 37.798826367, -122.424089631 37.799018451, -122.424129167 37.799210356, -122.424160084 37.799355903, -122.424161951 37.799364595, -122.424168011 37.799391982, -122.424169978 37.799400695, -122.424178174 37.799429836, -122.424181083 37.799448381, -122.424185378 37.79948265, -122.424185583 37.799484287)",03/25/2021 11:48:51 AM,01/18/2024 03:36:28 PM,"Hayes Valley, Marina, Mission, Nob Hill, Pacific Heights, Russian Hill, Tenderloin, Western Addition","3, 5, 6"
657,0,Sacramento St,Part Time,1530,1900,Non-red,taxi allowed,3:30PM-7PM M-F,Future TETL corridor,weekdays,,MTA,2020-06-11T17:10:48.000000000-07:00,EKNOPF,2021-03-25T11:48:01.000000000-07:00,Kearny,Larkin,,Westbound,,Weekdays,2015-12-31T16:00:00.000000000-08:00,,,,15-137,"LINESTRING (-122.404648877 37.793593154, -122.40819906 37.793123849, -122.410605567 37.792818639, -122.413362651 37.792452384, -122.416018722 37.792118999, -122.419239283 37.791710481)",03/25/2021 11:48:01 AM,01/18/2024 03:36:28 PM,"Chinatown, Nob Hill",3
691,,California,24 Hours,0,2400,red lane,no,24 hours everyday,Future TETL corridor,weekdays,weekends,MTA,2020-06-11T17:10:48.000000000-07:00,EKNOPF,2021-03-25T11:48:01.000000000-07:00,Stockton St,Grant Ave,,Eastbound,,All Days,,,,,170718-088,"LINESTRING (-122.407522055 37.792251286, -122.405938119 37.792450753)",03/25/2021 11:48:01 AM,01/18/2024 03:36:28 PM,"Chinatown, Financial District/South Beach",3
710,0,Judah Ave,24 Hours,0,2400,red lane,no,24 hours everyday,Existing permanent transit lanes,weekdays,weekends,MTA,2020-06-11T17:10:48.000000000-07:00,EKNOPF,2021-03-25T10:53:08.000000000-07:00,20th Ave,19th Ave,,Both,,All Days,,,,,,"LINESTRING (-122.47706471 37.761697642, -122.478015506 37.76165575)",03/25/2021 10:53:08 AM,01/18/2024 03:36:28 PM,Sunset/Parkside,4
658,0,Market,24 Hours,0,2400,red lane,taxi allowed,24 hours everyday,Existing permanent transit lanes,weekdays,weekends,MTA,2020-06-11T17:10:48.000000000-07:00,EKNOPF,2021-03-25T10:53:08.000000000-07:00,Van Ness Ave,3rd St,,Both,,All Days,1995-12-31T16:00:00.000000000-08:00,,,,15-096,"LINESTRING (-122.403534997 37.787621023, -122.407974497 37.784118925, -122.414498362 37.778966774, -122.414835322 37.778700559, -122.416009504 37.77777302, -122.416261263 37.777572213, -122.416391521 37.777469314, -122.416506876 37.777378393, -122.417059748 37.776944174, -122.416548317 37.777345729, -122.417472717 37.776617763, -122.417642063 37.776488607, -122.419044374 37.775377855, -122.419042871 37.775376663, -122.419167745 37.775278011)",03/25/2021 10:53:08 AM,01/18/2024 03:36:28 PM,"Financial District/South Beach, Mission, South of Market, Tenderloin","5, 6"
685,0,Mission St,24 Hours,0,2400,red lane,taxi allowed,24 hours everyday,Future TETL corridor,weekdays,weekday only,MTA,2020-06-11T17:10:48.000000000-07:00,EKNOPF,2021-03-25T11:48:01.000000000-07:00,Main St,Beale St,,Westbound,,All Days,1976-12-31T16:00:00.000000000-08:00,,,2018-04-30T17:00:00.000000000-07:00,180501-068,"LINESTRING (-122.39494104 37.791837817, -122.395831234 37.791128953)",03/25/2021 11:48:01 AM,01/18/2024 03:36:28 PM,Financial District/South Beach,6
976,,TETL,,,,,,,Future TETL corridor,,,AZHANG,2020-06-15T17:34:23.000000000-07:00,EKNOPF,2021-03-25T11:48:51.000000000-07:00,,,TETL,,,,,,,,,"LINESTRING (-122.408020408 37.769249007, -122.407826691 37.768358717, -122.406199766 37.751371897, -122.40532998 37.749578476, -122.405165876 37.74914515, -122.404098501 37.748416166, -122.403574211 37.747766917, -122.403912378 37.745625305, -122.404909602 37.74369652, -122.405255588 37.7430562, -122.406926768 37.740767965, -122.406923705 37.737970861, -122.406717036 37.736313598, -122.406467846 37.735515807, -122.406126379 37.735080555, -122.404670296 37.732953777)",03/25/2021 11:48:51 AM,01/18/2024 03:36:28 PM,"Bayview Hunters Point, Bernal Heights, Mission, Portola, South of Market","6, 9, 10"
642,0,Fremont Street,24 Hours,0,2400,red lane,taxi allowed,24 hours everyday,Existing permanent transit lanes,weekdays,weekends,MTA,2020-06-11T17:10:48.000000000-07:00,EKNOPF,2021-03-25T10:53:08.000000000-07:00,Mission,Market,,Both,,All Days,,,,,,"LINESTRING (-122.396686171 37.790458201, -122.396689703 37.790461016, -122.398264457 37.791716006, -122.398260355 37.791727917)",03/25/2021 10:53:08 AM,01/18/2024 03:36:28 PM,Financial District/South Beach,6
975,,TETL,,,,,,,Future TETL corridor,,,AZHANG,2020-06-15T17:34:23.000000000-07:00,EKNOPF,2021-03-25T11:48:51.000000000-07:00,,,TETL,,,,,,,,,"LINESTRING (-122.439947591 37.734861801, -122.438405079 37.734424946, -122.436686094 37.734045166, -122.434157 37.733555, -122.43298732 37.733315818, -122.432579 37.732997)",03/25/2021 11:48:51 AM,01/18/2024 03:36:28 PM,"Glen Park, Outer Mission, West of Twin Peaks",8
676,,Geary Blvd,24 Hours,0,2400,Non-red,taxi allowed,24 hours everyday,Existing permanent transit lanes,weekday,weekend,MTA,2020-06-11T17:10:48.000000000-07:00,EKNOPF,2021-03-25T10:53:08.000000000-07:00,Stanyan,Collins,,Both,,All Days,2018-09-30T17:00:00.000000000-07:00,,,,180821-118,"LINESTRING (-122.456322172 37.781512785, -122.450090437 37.782117727)",03/25/2021 10:53:08 AM,01/18/2024 03:36:28 PM,"Lone Mountain/USF, Presidio Heights",2
684,,Geary Blvd,24 Hours,0,2400,Non-red,taxi allowed,24 hours everyday,Existing permanent transit lanes,,,MTA,2020-06-11T17:10:48.000000000-07:00,EKNOPF,2021-03-25T10:53:08.000000000-07:00,Baker,Steiner,,Both,,All Days,2018-09-30T17:00:00.000000000-07:00,,,,180821-118,"LINESTRING (-122.434562099 37.784151864, -122.434589661 37.784144673, -122.437881641 37.783706441, -122.438145958 37.783677862, -122.438866853 37.783382343, -122.439491601 37.783296584, -122.442795526 37.782886822)",03/25/2021 10:53:08 AM,01/18/2024 03:36:28 PM,"Japantown, Presidio Heights, Western Addition","2, 5"
714,0,Sacramento St,Part Time,700,1900,Non-red,taxi allowed,7AM-7PM M-F,Future TETL corridor,weekdays,,MTA,2020-06-11T17:10:48.000000000-07:00,EKNOPF,2021-03-25T11:48:01.000000000-07:00,Front,Kearny,,Both,,Weekdays,1997-12-31T16:00:00.000000000-08:00,,,,546-98,"LINESTRING (-122.398970592 37.794315517, -122.400228034 37.794167881, -122.402951843 37.793795999, -122.404648877 37.793593154)",03/25/2021 11:48:01 AM,01/18/2024 03:36:28 PM,"Chinatown, Financial District/South Beach",3
964,,TETL,,,,,,,Future TETL corridor,,,AZHANG,2020-06-15T17:34:23.000000000-07:00,EKNOPF,2021-03-25T11:48:51.000000000-07:00,,,TETL,,,,,,,,,"LINESTRING (-122.41828257 37.786230585, -122.417914618 37.785172212, -122.417719957 37.784240736, -122.417631779 37.783782521, -122.416414277 37.777727748)",03/25/2021 11:48:51 AM,01/18/2024 03:36:28 PM,Tenderloin,"3, 5, 6"
720,,Beach,24 Hours,0,2400,Non-red,no,24 hours everyday,Existing permanent transit lanes,weekdays,weekends,MTA,2020-06-11T17:10:48.000000000-07:00,EKNOPF,2021-03-25T10:52:34.000000000-07:00,Jones,Grant,,Eastbound,,All Days,1996-12-31T16:00:00.000000000-08:00,,,,697-97,"LINESTRING (-122.409086245 37.808107137, -122.417257539 37.807071558)",03/25/2021 10:52:34 AM,01/18/2024 03:36:28 PM,North Beach,3
644,,Geary Blvd,24 Hours,0,2400,Non-red,taxi allowed,24 hours everyday,Existing permanent transit lanes,,,MTA,2020-06-11T17:10:48.000000000-07:00,EKNOPF,2021-03-25T10:53:08.000000000-07:00,Fillmore,Steiner,,Westbound,,All Days,2018-09-30T17:00:00.000000000-07:00,,,,180821-118,"LINESTRING (-122.434562099 37.784151864, -122.432914248 37.784355056, -122.432925636 37.784357395)",03/25/2021 10:53:08 AM,01/18/2024 03:36:28 PM,Western Addition,5
699,0,Mission St,Part Time,700,1800,Non-red,taxi allowed,7AM-6PM M-F,Implemented TETL Corridor,weekdays,weekday only,MTA,2020-06-11T17:10:48.000000000-07:00,EKNOPF,2021-03-25T11:23:55.000000000-07:00,4th St,1st St,,Both,,Weekdays,1976-12-31T16:00:00.000000000-08:00,,,,,"LINESTRING (-122.397575913 37.789751566, -122.402328884 37.785966203, -122.404247514 37.784471707)",03/25/2021 11:23:55 AM,01/18/2024 03:36:28 PM,Financial District/South Beach,6
965,,TETL,,,,,,,Implemented TETL Corridor,,,AZHANG,2020-06-15T17:34:23.000000000-07:00,EKNOPF,2021-03-25T13:08:19.000000000-07:00,,,TETL,,,,,,,,,"LINESTRING (-122.414811402 37.778730712, -122.407034875 37.772561865)",03/25/2021 01:08:19 PM,01/18/2024 03:36:28 PM,"South of Market, Tenderloin",6
670,0,Mission St,Part Time,1600,1800,Non-red,taxi allowed,4PM-6PM M-F,Implemented TETL Corridor,weekdays,weekday only,MTA,2020-06-11T17:10:48.000000000-07:00,EKNOPF,2021-03-25T13:05:26.000000000-07:00,4th St,5th St,,Westbound,,Weekdays,1976-12-31T16:00:00.000000000-08:00,,,,,"LINESTRING (-122.404247514 37.784471707, -122.406479812 37.782732768)",03/25/2021 01:05:26 PM,01/18/2024 03:36:28 PM,"Financial District/South Beach, South of Market",6
1285,,TETL,,,,,,,Future TETL corridor,,,EKNOPF,2021-03-25T13:13:13.000000000-07:00,EKNOPF,2021-03-25T13:16:04.000000000-07:00,,,TETL,,,,,,,,,"LINESTRING (-122.412525462 37.780483509, -122.409394266 37.777985208)",03/25/2021 01:16:04 PM,01/18/2024 03:36:28 PM,"South of Market, Tenderloin",6
711,,Mission St,24 Hours,0,2400,red lane,taxi allowed,24 hours everyday,Existing permanent transit lanes,weekdays,weekends,MTA,2020-06-11T17:10:48.000000000-07:00,EKNOPF,2021-03-25T10:53:08.000000000-07:00,Randall St,Cesar Chavez Ave,,Both,,All Days,,,,,15-172,"LINESTRING (-122.42358024 37.739883705, -122.423089906 37.740641887, -122.422840578 37.741027408, -122.422366459 37.741760488, -122.422083785 37.742197554, -122.421968761 37.742375398, -122.421680448 37.742821174, -122.42148545 37.743122664, -122.421084488 37.743742594, -122.42089366 37.744037632, -122.420156666 37.745176488, -122.420034553 37.745365182, -122.4199216 37.745562668, -122.419885764 37.745595096, -122.419629379 37.745990864, -122.419505114 37.746182683, -122.419391234 37.74635847, -122.419121301 37.746775141, -122.418781801 37.747299617, -122.418221198 37.748165646, -122.418221171 37.748165689)",03/25/2021 10:53:08 AM,01/18/2024 03:36:28 PM,Bernal Heights,"8, 9"
1604,,TETL,,,,,,,Future TETL corridor,,,EKNOPF,2021-03-25T15:21:33.000000000-07:00,EKNOPF,2021-03-25T15:21:33.000000000-07:00,,,TETL,,,,,,,,,"LINESTRING (-122.451898918 37.722752219, -122.450131431 37.722087785, -122.449308948 37.721757403, -122.446621 37.720729, -122.445141077 37.720091695, -122.443709276 37.718933663, -122.442341366 37.717838435, -122.441636044 37.717263163, -122.441263 37.71686, -122.441032764 37.716464536)",03/25/2021 03:21:33 PM,01/18/2024 03:36:28 PM,"Oceanview/Merced/Ingleside, Outer Mission",11
682,0,Geary Street,24 Hours,0,2400,Non-red,taxi allowed,24 hours everyday,Existing permanent transit lanes,weekdays,weekends,MTA,2020-06-11T17:10:48.000000000-07:00,EKNOPF,2021-03-25T10:53:08.000000000-07:00,Powell St,Market St,,Both,,All Days,1979-12-31T16:00:00.000000000-08:00,,,,,"LINESTRING (-122.403165308 37.7880089, -122.405447033 37.78771306, -122.408222903 37.787357572)",03/25/2021 10:53:08 AM,01/18/2024 03:36:28 PM,Financial District/South Beach,3
648,0,Judah Ave,24 Hours,0,2400,red lane,no,24 hours everyday,Existing permanent transit lanes,weekdays,weekends,MTA,2020-06-11T17:10:48.000000000-07:00,EKNOPF,2021-03-25T10:53:08.000000000-07:00,9th Ave,10th Ave,,Both,,All Days,,,,,,"LINESTRING (-122.466200843 37.762181475, -122.467247833 37.762134098)",03/25/2021 10:53:08 AM,01/18/2024 03:36:28 PM,Inner Sunset,7
733,,TETL,,,,,,,Implemented TETL Corridor,,,AZHANG,2020-06-15T17:34:23.000000000-07:00,EKNOPF,2021-03-25T13:22:10.000000000-07:00,,,TETL,,,,,,,,,"LINESTRING (-122.475141916 37.780533095, -122.472325471 37.78066082, -122.458871874 37.781262054, -122.456642424 37.781444136, -122.456308953 37.781386277, -122.455293962 37.781463656)",03/25/2021 01:22:10 PM,01/18/2024 03:36:28 PM,"Inner Richmond, Lone Mountain/USF, Outer Richmond, Presidio Heights","1, 2"
706,,Bush St,Part Time,1500,2000,Non-red,taxi allowed,3PM-8PM M-F,Existing permanent transit lanes,weekdays,,MTA,2020-06-11T17:10:48.000000000-07:00,EKNOPF,2021-03-25T10:53:08.000000000-07:00,Montgomery,Sansome,,Eastbound,,Weekdays,2014-12-31T16:00:00.000000000-08:00,,,2015-04-06T17:00:00.000000000-07:00,,"LINESTRING (-122.402394404 37.790982437, -122.400744597 37.791183609)",03/25/2021 10:53:08 AM,01/18/2024 03:36:28 PM,Financial District/South Beach,3
687,,Jefferson Street,24 Hours,0,2400,Non-red,no,24 hours everyday,Existing permanent transit lanes,weekdays,weekends,MTA,2020-06-11T17:10:48.000000000-07:00,EKNOPF,2021-03-25T10:52:34.000000000-07:00,Jones St,150 ft West of Taylor,,Westbound,,All Days,1996-12-31T16:00:00.000000000-08:00,,Train,,697-97,"LINESTRING (-122.417444907 37.808013201, -122.416333062 37.808149247)",03/25/2021 10:52:34 AM,01/18/2024 03:36:28 PM,North Beach,3
726,0,Mission St,24 Hours,0,2400,red lane,taxi allowed,24 hours everyday,Future TETL corridor,weekdays,weekday only,MTA,2020-06-11T17:10:48.000000000-07:00,EKNOPF,2021-03-25T11:48:01.000000000-07:00,1st St,Beale St,,Both,,All Days,1976-12-31T16:00:00.000000000-08:00,,,2018-04-30T17:00:00.000000000-07:00,180501-068,"LINESTRING (-122.395828889 37.7911254, -122.39755855 37.789748007)",03/25/2021 11:48:01 AM,01/18/2024 03:36:28 PM,Financial District/South Beach,6
678,,South Van Ness,24 Hours,0,2400,Non-red,no,24 hours everyday,Future TETL corridor,weekdays,weekends,MTA,2020-06-11T17:10:48.000000000-07:00,EKNOPF,2021-03-25T11:48:51.000000000-07:00,Market,Mission,,Both,,All Days,2018-12-31T16:00:00.000000000-08:00,,,,15-131,"LINESTRING (-122.41863323 37.77305321, -122.418647712 37.773093436, -122.418653022 37.773106956, -122.418663027 37.773132711, -122.418672667 37.773159516, -122.418677381 37.773174016, -122.41868459 37.773204228, -122.418698594 37.77325623, -122.418814234 37.77363621, -122.41883354 37.773693942, -122.418953323 37.77407676, -122.418971228 37.774137642, -122.419089437 37.774517376, -122.419113331 37.774581091, -122.419221028 37.77494937, -122.419228563 37.774990257, -122.419230842 37.775020209, -122.419235804 37.775041502, -122.419237872 37.775048832, -122.419248633 37.775080827, -122.419254062 37.775095306, -122.419260821 37.775113498, -122.419263163 37.775121465, -122.419268266 37.775138822, -122.419269898 37.775144378)",03/25/2021 11:48:51 AM,01/18/2024 03:36:28 PM,Mission,6
683,,City College Term,24 Hours,0,2400,Non-red,no,24 hours everyday,Future TETL corridor,weekdays,weekends,MTA,2020-06-11T17:10:48.000000000-07:00,EKNOPF,2021-03-25T11:48:01.000000000-07:00,Ocean,Frida Kahlo,,Both,,All Days,,,,,,"LINESTRING (-122.453309994 37.723320909, -122.453312714 37.723743082, -122.452337347 37.723746085)",03/25/2021 11:48:01 AM,01/18/2024 03:36:28 PM,West of Twin Peaks,7
